{
  "model_type": "MLPRegressor",
  "hidden_layer_sizes": [
    128,
    64,
    32
  ],
  "max_iter": 1000,
  "learning_rate_init": 0.001,
  "random_state": 42,
  "n_features": 30,
  "scaler_mean": [
    0.4993678821515706,
    0.17944506006977623,
    0.49786363098439246,
    0.5598171394481994,
    0.016209674857311406,
    0.2957444488795267,
    0.5070450465902686,
    0.24208361693776936,
    0.14638298881260886,
    0.0741553831179109,
    0.42677558319767317,
    0.1979669215763505,
    0.11334552667465889,
    0.13885119563341142,
    0.3027876612995234,
    0.12932932438975614,
    0.07363602394652036,
    0.17058628100819057,
    0.1941493554947277,
    0.07405800796600266,
    0.04361790259710203,
    0.16114604459040693,
    0.09393799992278218,
    0.03232417875450725,
    0.018986965940023463,
    0.10237368541707595,
    0.0,
    0.0,
    0.0,
    0.0
  ],
  "scaler_scale": [
    0.13179019282853488,
    0.12937162130232502,
    0.13021486031665758,
    0.45130886067619264,
    0.019574160493705122,
    0.14192604196910832,
    0.2762996980276386,
    0.3128468485522674,
    0.16154170119133957,
    0.03474428656441166,
    0.31967036563404455,
    0.2561877282398839,
    0.12427377441716848,
    0.11544448175728758,
    0.32591769270081977,
    0.2011914777170692,
    0.09693732276559121,
    0.1925730555574532,
    0.2941825926491793,
    0.1523740554035655,
    0.07615419990586489,
    0.24781928197993808,
    0.2297119007045082,
    0.10707848751284735,
    0.05330622063045803,
    0.24702539649824332,
    1.0,
    1.0,
    1.0,
    1.0
  ],
  "n_layers": 5,
  "final_loss": null,
  "n_iterations": 40,
  "test_mae": 7.570958882570267,
  "test_rmse": 11.163604549414643,
  "exported_to": "mlp_model.js"
}